{
    "name": "numerical controller approx model",
    "controller_type": "numerical controller",
    "reinforcement_learning": {
        "reward_processor": "NumericalRewardProcessing",
        "max_episode_steps": 50000
    },
    "performance_metrics": {
        "energy": {
            "weights": [
                1.56292719e-08,
                -2.99240537e-06,
                2.12532630e-04,
                -6.88468887e-03,
                2.08470100e-01
            ],
            "norm_offset": 0.86
        },
        "delay": {
            "weights": [
                2.99098391e-08,
                -6.28217483e-07,
                6.09770278e-04,
                4.66875245e-04
            ],
            "norm_offset": 0.94
        },
        "pdr": {
            "weights": [
                9.86763397e-18,
                1.00000000e+00
            ],
            "norm_offset": 0.0
        }
    }
}